Title,URL,Thumbnail_Url,Channel_Name,Describtion,views_uploaded
Young Miko - Lisa,https://www.youtube.com/watch?v=Y7a_s5OCD5A,,Young Miko,Music video by Young Miko performing Lisa. © 2023 The Wave Music Group,"Young Miko
26M views
1 month ago"
Grupo Frontera x Bad Bunny - un x100to (Video Oficial),https://www.youtube.com/watch?v=3inw26U-os4,,Grupo Frontera,"Suscríbete a nuestro canal: https://bit.ly/GrupoFronteraYT Escucha ""un x100to: en todas las plataformas: https://rimas.io/unx100to Escucha lo mejor de Grupo Frontera aquí: https://bit.ly/LoMejorD...","Grupo Frontera
9M views
23 hours ago"
Starship Flight Test,https://www.youtube.com/watch?v=L5QXreqOrTA,,SpaceX,"SpaceX is targeting as soon as Monday, April 17 at 8:00 a.m. CT for the first flight test of a fully integrated Starship and Super Heavy rocket from Starbase in Texas. Starship is a fully...","SpaceX
5.2M views
Streamed 1 day ago"
"#7 LAKERS at #2 GRIZZLIES | FULL GAME 1 HIGHLIGHTS | April 16, 2023",https://www.youtube.com/watch?v=dMISiRjvios,,NBA,"Never miss a moment with the latest news, trending stories and highlights to bring you closer to your favorite players and teams. Download now: https://app.link.nba.com/APP22 Led by Anthony...","NBA
3.4M views
1 day ago"
"Lakers steal Game 1 vs. Grizzlies; LeBron, AD, Rui & Reaves score 20+ in win | NBA | UNDISPUTED",https://www.youtube.com/watch?v=dMAeOY8kvqI,,Skip and Shannon: UNDISPUTED,"The Los Angeles Lakers stole game 1 from the Memphis Grizzlies thanks to LeBron James, Anthony Davis, Rui Hachimura and Austin Reaves all going for over 20 points.  The Lakers went on a 15-0...","Skip and Shannon: UNDISPUTED
708K views
23 hours ago"
We Ruined An Award Show,https://www.youtube.com/watch?v=ibgKs-DJzog,,Niko Omilana,The Finale of The Biggest Menace. SUBSCRIBE TO @JiDion BUY NDL CLOTHING- https://www.shopndl.com/ Follow us on Instagram Niko- http://instagram.com/niko JiDion- http://instagram.com/jidion_...,"Niko Omilana
6.4M views
1 day ago"
Inside Guys React to Austin Reaves' 4th QTR Takeover in Game 1 | NBA on TNT,https://www.youtube.com/watch?v=XSXYNUsZ_f8,,NBA on TNT,"Watch highlights from Inside the NBA with Shaq, Charles Barkley, Kenny Smith and Ernie Johnson and more! Subscribe now to be updated on the latest videos: https://www.youtube.com/nbaontnt?sub_confi...","NBA on TNT
777K views
1 day ago"
Inside Guys React to Thrilling Clippers-Suns Game 1 | NBA on TNT,https://www.youtube.com/watch?v=RCs3D-OSmIU,,NBA on TNT,"Watch highlights from Inside the NBA with Shaq, Charles Barkley, Kenny Smith and Ernie Johnson and more! Subscribe now to be updated on the latest videos: https://www.youtube.com/nbaontnt?sub_confi...","NBA on TNT
819K views
1 day ago"
"It's the Matrix, but for locusts.",https://www.youtube.com/watch?v=KRIBVykhpC4,,Tom Scott,"At the Department of Collective Behaviour, part of the Max Planck Institute of Animal Behavior, researchers are putting locusts into simulated worlds, both virtual and physical, in the hope...","Tom Scott
1.3M views
1 day ago"
GOLDEN BUZZER is one of the BEST VOICES Simon's ever heard | Auditions | BGT 2023,https://www.youtube.com/watch?v=6K5XD84Mf-o,,Britain's Got Talent,"His voice is just HEAVENLY! Malakai Bayoh sings the most angelic rendition of 'Pie Jesu', moving the Judges to tears and leading to a Golden Buzzer from Simon Cowell. See more from Britain's...","Britain's Got Talent
2.2M views
1 day ago"
